{
	"name": "eCamera",
	"events": [
		{
			"eventType": "group",
			"disabled": false,
			"title": "Camera",
			"description": "",
			"isActiveOnStart": true,
			"children": [
				{
					"eventType": "comment",
					"text": "Get the UID of a camera zone so we're only using the one Kiwi is in"
				},
				{
					"eventType": "block",
					"conditions": [
						{
							"id": "on-collision-with-another-object",
							"objectClass": "Player_Base",
							"sid": 5151467269960468,
							"parameters": {
								"object": "CameraZone"
							}
						}
					],
					"actions": [
						{
							"id": "set-eventvar-value",
							"objectClass": "System",
							"sid": 4867254003868748,
							"parameters": {
								"variable": "CameraZone_UID",
								"value": "CameraZone.UID"
							}
						}
					],
					"sid": 2394291725759595
				},
				{
					"eventType": "block",
					"conditions": [
						{
							"id": "pick-by-unique-id",
							"objectClass": "CameraZone",
							"sid": 8920716487743521,
							"parameters": {
								"unique-id": "CameraZone_UID"
							}
						}
					],
					"actions": [
						{
							"id": "scroll-to-position",
							"objectClass": "System",
							"sid": 3192429447922935,
							"parameters": {
								"x": "clamp(Player_Base.X, CameraZone.X + 213, CameraZone.X + CameraZone.Width - 213)",
								"y": "clamp(Player_Base.Y, CameraZone.Y + 120, CameraZone.Y + CameraZone.Height - 120)"
							}
						}
					],
					"sid": 3460149757970062
				}
			],
			"sid": 8071995392206018
		}
	],
	"sid": 513335433317974
}